_id,name,pets,location,interests,email,imageURL
671f94cff09f89ee2b6406b5,Jane Doe,"Luna (Dog), Mr. Whiskers (Cat)","San Francisco, CA","Hiking, pet training, DIY pet toys",jane.doe@example.com,https://plus.unsplash.com/premium_photo-1690407617686-d449aa2aad3c?q=80&w=1170&auto=format&fit=crop&ixlib=rb-4.0.3&ixid=M3wxMjA3fDB8MHxwaG90by1wYWdlfHx8fGVufDB8fHx8fA%3D%3D
671f94cff09f89ee2b6406b6,John Smith,Bella (Dog),"Austin, TX","Agility training, dog-friendly cafés",john.smith@example.com,https://images.unsplash.com/photo-1722322426803-101270837197?w=500&auto=format&fit=crop&q=60&ixlib=rb-4.0.3&ixid=M3wxMjA3fDB8MHxzZWFyY2h8MTc4fHxwcm9maWxlJTIwcGljdHVyZXxlbnwwfHwwfHx8MA%3D%3D
671f94cff09f89ee2b6406b7,Emily Zhang,Gizmo (Hamster),"Seattle, WA","Small animal care, pet photography",emily.zhang@example.com,https://images.unsplash.com/photo-1658932447624-152eaf36cf4e?w=500&auto=format&fit=crop&q=60&ixlib=rb-4.0.3&ixid=M3wxMjA3fDB8MHxzZWFyY2h8OHx8cHJvZmlsZSUyMHBob3RvfGVufDB8fDB8fHww
671f94cff09f89ee2b6406b8,Michael Brown,"Charlie (Dog), Fluffy (Cat)","New York, NY","Running, dog parks",michael.brown@example.com,https://images.unsplash.com/photo-1711000142551-ca65827c57c3?w=500&auto=format&fit=crop&q=60&ixlib=rb-4.0.3&ixid=M3wxMjA3fDB8MHxzZWFyY2h8MTF8fHByb2ZpbGUlMjBwaG90b3xlbnwwfHwwfHx8MA%3D%3D
671f94cff09f89ee2b6406b9,Sarah Johnson,Max (Dog),"Los Angeles, CA","Beach outings, dog training",sarah.johnson@example.com,https://plus.unsplash.com/premium_photo-1690407617542-2f210cf20d7e?w=500&auto=format&fit=crop&q=60&ixlib=rb-4.0.3&ixid=M3wxMjA3fDB8MHxzZWFyY2h8MXx8cHJvZmlsZSUyMHBob3RvfGVufDB8fDB8fHww
671f94cff09f89ee2b6406ba,David Wilson,Coco (Cat),"Chicago, IL","Reading, pet rescue",david.wilson@example.com,https://plus.unsplash.com/premium_photo-1693258698597-1b2b1bf943cc?q=80&w=987&auto=format&fit=crop&ixlib=rb-4.0.3&ixid=M3wxMjA3fDB8MHxwaG90by1wYWdlfHx8fGVufDB8fHx8fA%3D%3D
671f94cff09f89ee2b6406bb,Anna Lee,"Rocky (Dog), Bella (Rabbit)","Miami, FL","Gardening, hiking",anna.lee@example.com,https://images.unsplash.com/photo-1653379671988-b32fceafb5e5?w=500&auto=format&fit=crop&q=60&ixlib=rb-4.0.3&ixid=M3wxMjA3fDB8MHxzZWFyY2h8MjJ8fHByb2ZpbGUlMjBwaWN0dXJlfGVufDB8fDB8fHww
671f94cff09f89ee2b6406bc,James Martinez,Daisy (Dog),"Phoenix, AZ","Photography, dog agility",james.martinez@example.com,https://media.istockphoto.com/id/1338134336/photo/headshot-portrait-african-30s-man-smile-look-at-camera.webp?a=1&b=1&s=612x612&w=0&k=20&c=lAaidtOTLitNf6beCpMyD62mQBQvZFjgoilUMP0wfSY=
671f94cff09f89ee2b6406bd,Maria Garcia,Nala (Cat),"Houston, TX","Cooking, knitting",maria.garcia@example.com,https://media.istockphoto.com/id/1437816897/photo/business-woman-manager-or-human-resources-portrait-for-career-success-company-we-are-hiring.jpg?b=1&s=612x612&w=0&k=20&c=hEPh7-WEAqHTHdQtPrfEN9-yYCiPGKvD32VZ5lcL6SU=
671f94cff09f89ee2b6406be,Christopher Taylor,"Buddy (Dog), Shadow (Cat)","San Diego, CA","Camping, fishing",christopher.taylor@example.com,https://media.istockphoto.com/id/1388253782/photo/positive-successful-millennial-business-professional-man-head-shot-portrait.jpg?b=1&s=612x612&w=0&k=20&c=VsTsa0kjyZ7ALe-nyKAUfynyRxZo8H4LRMdu_ecPuOY=
671f94cff09f89ee2b6406bf,Patricia Thompson,Lucy (Dog),"Dallas, TX","Yoga, dog-friendly cafés",patricia.thompson@example.com,https://freerangestock.com/thumbnail/168239/chic-woman-in-front-of-chain-link-fence.jpg
671f94cff09f89ee2b6406c0,Robert Anderson,Simba (Cat),"Philadelphia, PA","Traveling, art",robert.anderson@example.com,https://images.unsplash.com/photo-1724159768353-55b083d0d435?q=80&w=988&auto=format&fit=crop&ixlib=rb-4.0.3&ixid=M3wxMjA3fDB8MHxwaG90by1wYWdlfHx8fGVufDB8fHx8fA%3D%3D
671f94cff09f89ee2b6406c1,Jennifer Clark,"Jack (Dog), Luna (Ferret)","San Jose, CA","Volunteering, fitness",jennifer.clark@example.com,https://plus.unsplash.com/premium_photo-1688350808212-4e6908a03925?w=500&auto=format&fit=crop&q=60&ixlib=rb-4.0.3&ixid=M3wxMjA3fDB8MHxzZWFyY2h8NDV8fHByb2ZpbGUlMjBwaWN0dXJlfGVufDB8fDB8fHww
671f94cff09f89ee2b6406c2,Jessica Lewis,Oliver (Cat),"Columbus, OH","Music, painting",jessica.lewis@example.com,https://images.unsplash.com/photo-1722329434628-5cc2d041ff09?w=500&auto=format&fit=crop&q=60&ixlib=rb-4.0.3&ixid=M3wxMjA3fDB8MHxzZWFyY2h8NTB8fHByb2ZpbGUlMjBwaWN0dXJlfGVufDB8fDB8fHww
671f94cff09f89ee2b6406c3,Daniel Hall,"Sasha (Dog), Coco (Guinea Pig)","Charlotte, NC","Gaming, hiking",daniel.hall@example.com,https://plus.unsplash.com/premium_photo-1689977927774-401b12d137d6?w=500&auto=format&fit=crop&q=60&ixlib=rb-4.0.3&ixid=M3wxMjA3fDB8MHxzZWFyY2h8NDl8fHByb2ZpbGUlMjBwaWN0dXJlfGVufDB8fDB8fHww
671f94cff09f89ee2b6406c4,Laura Young,Pepper (Dog),"San Antonio, TX","Baking, dog training",laura.young@example.com,https://plus.unsplash.com/premium_photo-1681489930334-b0d26fdb9ed8?w=500&auto=format&fit=crop&q=60&ixlib=rb-4.0.3&ixid=M3wxMjA3fDB8MHxzZWFyY2h8NTd8fHByb2ZpbGUlMjBwaWN0dXJlfGVufDB8fDB8fHww
671f94cff09f89ee2b6406c5,Mark Allen,"Zoe (Cat), Leo (Dog)","San Francisco, CA","Cycling, photography",mark.allen@example.com,https://images.unsplash.com/photo-1688167217076-190b0ec8428f?w=500&auto=format&fit=crop&q=60&ixlib=rb-4.0.3&ixid=M3wxMjA3fDB8MHxzZWFyY2h8NTV8fHByb2ZpbGUlMjBwaWN0dXJlfGVufDB8fDB8fHww
671f94cff09f89ee2b6406c6,Linda King,Milo (Dog),"Indianapolis, IN","Swimming, crafting",linda.king@example.com,https://plus.unsplash.com/premium_photo-1690395794791-e85944b25c0f?w=500&auto=format&fit=crop&q=60&ixlib=rb-4.0.3&ixid=M3wxMjA3fDB8MHxzZWFyY2h8NjV8fHByb2ZpbGUlMjBwaWN0dXJlfGVufDB8fDB8fHww
671f94cff09f89ee2b6406c7,Kevin Wright,Bella (Cat),"Seattle, WA","Travel, writing",kevin.wright@example.com,https://images.unsplash.com/photo-1659857279356-0a8d7d23b653?w=500&auto=format&fit=crop&q=60&ixlib=rb-4.0.3&ixid=M3wxMjA3fDB8MHxzZWFyY2h8NjB8fHByb2ZpbGUlMjBwaWN0dXJlfGVufDB8fDB8fHww
671f94cff09f89ee2b6406c8,Nancy Scott,"Buddy (Dog), Daisy (Rabbit)","Nashville, TN","Gardening, nature walks",nancy.scott@example.com,https://plus.unsplash.com/premium_photo-1683817138631-c5fb4990d01d?w=500&auto=format&fit=crop&q=60&ixlib=rb-4.0.3&ixid=M3wxMjA3fDB8MHxzZWFyY2h8NjF8fHByb2ZpbGUlMjBwaWN0dXJlfGVufDB8fDB8fHww
671f94cff09f89ee2b6406c9,Paul Green,Rocky (Dog),"Baltimore, MD","Fishing, BBQing",paul.green@example.com,https://images.unsplash.com/photo-1603415526960-f7e0328c63b1?w=500&auto=format&fit=crop&q=60&ixlib=rb-4.0.3&ixid=M3wxMjA3fDB8MHxzZWFyY2h8NzF8fHByb2ZpbGUlMjBwaWN0dXJlfGVufDB8fDB8fHww
671f94cff09f89ee2b6406ca,Jessica Hill,"Luna (Dog), Leo (Cat)","Portland, OR","Hiking, traveling",jessica.hill@example.com,https://plus.unsplash.com/premium_photo-1689629941068-d63f36e8bb8d?w=500&auto=format&fit=crop&q=60&ixlib=rb-4.0.3&ixid=M3wxMjA3fDB8MHxzZWFyY2h8Njl8fHByb2ZpbGUlMjBwaWN0dXJlfGVufDB8fDB8fHww
671f94cff09f89ee2b6406cb,Mark Adams,Ginger (Cat),"Atlanta, GA","Baking, volunteering",mark.adams@example.com,https://plus.unsplash.com/premium_photo-1690579805323-ce7193c0755d?w=500&auto=format&fit=crop&q=60&ixlib=rb-4.0.3&ixid=M3wxMjA3fDB8MHxzZWFyY2h8NzN8fHByb2ZpbGUlMjBwaWN0dXJlfGVufDB8fDB8fHww
671f94cff09f89ee2b6406cc,Angela Baker,"Baxter (Dog), Felix (Cat)","Tucson, AZ","Photography, hiking",angela.baker@example.com,https://images.unsplash.com/photo-1658932447775-dd78d1e7c369?w=500&auto=format&fit=crop&q=60&ixlib=rb-4.0.3&ixid=M3wxMjA3fDB8MHxzZWFyY2h8ODB8fHByb2ZpbGUlMjBwaWN0dXJlfGVufDB8fDB8fHww
671f94cff09f89ee2b6406cd,Timothy Gonzalez,Coco (Dog),"Fresno, CA","Cooking, music",timothy.gonzalez@example.com,https://plus.unsplash.com/premium_photo-1689977871600-e755257fb5f8?w=500&auto=format&fit=crop&q=60&ixlib=rb-4.0.3&ixid=M3wxMjA3fDB8MHxzZWFyY2h8Nzd8fHByb2ZpbGUlMjBwaWN0dXJlfGVufDB8fDB8fHww
671f94cff09f89ee2b6406ce,Karen Nelson,"Shadow (Dog), Tigger (Cat)","Omaha, NE","Reading, yoga",karen.nelson@example.com,https://images.unsplash.com/photo-1684966609761-13027fd2a5c6?w=500&auto=format&fit=crop&q=60&ixlib=rb-4.0.3&ixid=M3wxMjA3fDB8MHxzZWFyY2h8MTIxfHxwcm9maWxlJTIwcGljdHVyZXxlbnwwfHwwfHx8MA%3D%3D
671f94cff09f89ee2b6406cf,Rebecca Carter,Mittens (Cat),"Sacramento, CA","Travel, art",rebecca.carter@example.com,https://images.unsplash.com/photo-1590295102042-7a639d4a4b63?w=500&auto=format&fit=crop&q=60&ixlib=rb-4.0.3&ixid=M3wxMjA3fDB8MHxzZWFyY2h8MTE3fHxwcm9maWxlJTIwcGljdHVyZXxlbnwwfHwwfHx8MA%3D%3D
671f94cff09f89ee2b6406d0,Eric Mitchell,"Daisy (Dog), Snowball (Hamster)","Kansas City, MO","Sports, gardening",eric.mitchell@example.com,https://images.unsplash.com/photo-1673092147872-5ddb03194341?q=80&w=987&auto=format&fit=crop&ixlib=rb-4.0.3&ixid=M3wxMjA3fDB8MHxwaG90by1wYWdlfHx8fGVufDB8fHx8fA%3D%3D
671f94cff09f89ee2b6406d1,Sharon Perez,Rex (Dog),"Long Beach, CA","Fitness, outdoor adventures",sharon.perez@example.com,https://plus.unsplash.com/premium_photo-1690587673708-d6ba8a1579a5?w=500&auto=format&fit=crop&q=60&ixlib=rb-4.0.3&ixid=M3wxMjA3fDB8MHxzZWFyY2h8MTI0fHxwcm9maWxlJTIwcGljdHVyZXxlbnwwfHwwfHx8MA%3D%3D
671f94cff09f89ee2b6406d2,Megan Roberts,"Charlie (Dog), Bella (Cat)","Virginia Beach, VA","Swimming, cooking",megan.roberts@example.com,https://plus.unsplash.com/premium_photo-1689551671541-31a345ce6ae0?w=500&auto=format&fit=crop&q=60&ixlib=rb-4.0.3&ixid=M3wxMjA3fDB8MHxzZWFyY2h8MTI4fHxwcm9maWxlJTIwcGljdHVyZXxlbnwwfHwwfHx8MA%3D%3D
671f94cff09f89ee2b6406d3,Brian Rivera,Lola (Cat),"Atlanta, GA","Music, gaming",brian.rivera@example.com,https://images.unsplash.com/photo-1639747280929-e84ef392c69a?w=500&auto=format&fit=crop&q=60&ixlib=rb-4.0.3&ixid=M3wxMjA3fDB8MHxzZWFyY2h8MTIyfHxwcm9maWxlJTIwcGljdHVyZXxlbnwwfHwwfHx8MA%3D%3D
671f94cff09f89ee2b6406d4,Angela Cox,"Max (Dog), Gizmo (Lizard)","New Orleans, LA","Traveling, hiking",angela.cox@example.com,https://images.unsplash.com/photo-1725499439048-13d23dd100de?w=500&auto=format&fit=crop&q=60&ixlib=rb-4.0.3&ixid=M3wxMjA3fDB8MHxzZWFyY2h8MTM0fHxwcm9maWxlJTIwcGljdHVyZXxlbnwwfHwwfHx8MA%3D%3D
671f94cff09f89ee2b6406d5,Steven Edwards,Piper (Dog),"Cleveland, OH","Sports, volunteering",steven.edwards@example.com,https://images.unsplash.com/photo-1628157588553-5eeea00af15c?w=500&auto=format&fit=crop&q=60&ixlib=rb-4.0.3&ixid=M3wxMjA3fDB8MHxzZWFyY2h8MTMwfHxwcm9maWxlJTIwcGljdHVyZXxlbnwwfHwwfHx8MA%3D%3D
671f94cff09f89ee2b6406d6,Samantha Stewart,Milo (Cat),"Miami, FL","Art, cooking",samantha.stewart@example.com,https://images.unsplash.com/photo-1606914707708-5180546f153d?w=500&auto=format&fit=crop&q=60&ixlib=rb-4.0.3&ixid=M3wxMjA3fDB8MHxzZWFyY2h8MTM5fHxwcm9maWxlJTIwcGljdHVyZXxlbnwwfHwwfHx8MA%3D%3D
671f94cff09f89ee2b6406d7,Jacob Ramirez,"Maggie (Dog), Peanut (Hamster)","Minneapolis, MN","Biking, reading",jacob.ramirez@example.com,https://plus.unsplash.com/premium_photo-1693146325929-ac24ca5ba503?w=500&auto=format&fit=crop&q=60&ixlib=rb-4.0.3&ixid=M3wxMjA3fDB8MHxzZWFyY2h8MTM2fHxwcm9maWxlJTIwcGljdHVyZXxlbnwwfHwwfHx8MA%3D%3D
671f94cff09f89ee2b6406d8,Olivia Bennett,"Rover (Dog), Bella (Rabbit)","Detroit, MI","Traveling, painting",olivia.bennett@example.com,https://images.unsplash.com/photo-1606914707708-5180546f153d?w=500&auto=format&fit=crop&q=60&ixlib=rb-4.0.3&ixid=M3wxMjA3fDB8MHxzZWFyY2h8MTM5fHxwcm9maWxlJTIwcGljdHVyZXxlbnwwfHwwfHx8MA%3D%3D
671f94cff09f89ee2b6406d9,Ava Wood,Lola (Cat),"San Antonio, TX","Yoga, petsitting",ava.wood@example.com,https://images.unsplash.com/photo-1652819627662-418e49a90984?w=500&auto=format&fit=crop&q=60&ixlib=rb-4.0.3&ixid=M3wxMjA3fDB8MHxzZWFyY2h8MTM4fHxwcm9maWxlJTIwcGljdHVyZXxlbnwwfHwwfHx8MA%3D%3D
671f94cff09f89ee2b6406da,Jack Perez,Ziggy (Dog),"Salt Lake City, UT","Photography, hiking",jack.perez@example.com,https://images.unsplash.com/photo-1639747280804-dd2d6b3d88ac?q=80&w=987&auto=format&fit=crop&ixlib=rb-4.0.3&ixid=M3wxMjA3fDB8MHxwaG90by1wYWdlfHx8fGVufDB8fHx8fA%3D%3D
671f94cff09f89ee2b6406db,Natalie Collins,"Bingo (Dog), Whiskers (Cat)","Buffalo, NY","Cooking, board games",natalie.collins@example.com,https://plus.unsplash.com/premium_photo-1676648533080-baa9bddd13b8?w=500&auto=format&fit=crop&q=60&ixlib=rb-4.0.3&ixid=M3wxMjA3fDB8MHxzZWFyY2h8MTQ0fHxwcm9maWxlJTIwcGljdHVyZXxlbnwwfHwwfHx8MA%3D%3D
671f94cff09f89ee2b6406dc,Benjamin Murphy,"Coco (Dog), Snickers (Guinea Pig)","Pittsburgh, PA","Music, sports",benjamin.murphy@example.com,https://images.unsplash.com/photo-1672201050789-0b5454271405?w=500&auto=format&fit=crop&q=60&ixlib=rb-4.0.3&ixid=M3wxMjA3fDB8MHxzZWFyY2h8MTQzfHxwcm9maWxlJTIwcGljdHVyZXxlbnwwfHwwfHx8MA%3D%3D
671f94cff09f89ee2b6406dd,Ella Rogers,Cleo (Cat),"Raleigh, NC","Traveling, writing",ella.rogers@example.com,https://plus.unsplash.com/premium_photo-1691784778805-e1067ac42e01?w=500&auto=format&fit=crop&q=60&ixlib=rb-4.0.3&ixid=M3wxMjA3fDB8MHxzZWFyY2h8MTUyfHxwcm9maWxlJTIwcGljdHVyZXxlbnwwfHwwfHx8MA%3D%3D
671f94cff09f89ee2b6406de,Lucas Reed,Buster (Dog),"Tampa, FL","Fishing, biking",lucas.reed@example.com,https://images.unsplash.com/photo-1610300682526-8c48f59bebf0?w=500&auto=format&fit=crop&q=60&ixlib=rb-4.0.3&ixid=M3wxMjA3fDB8MHxzZWFyY2h8MTUzfHxwcm9maWxlJTIwcGljdHVyZXxlbnwwfHwwfHx8MA%3D%3D
671f94cff09f89ee2b6406df,Charlotte Cooper,"Ginger (Dog), Snowy (Cat)","Orlando, FL","Gardening, painting",charlotte.cooper@example.com,https://images.unsplash.com/photo-1651346158507-a2810590687f?q=80&w=987&auto=format&fit=crop&ixlib=rb-4.0.3&ixid=M3wxMjA3fDB8MHxwaG90by1wYWdlfHx8fGVufDB8fHx8fA%3D%3D
671f94cff09f89ee2b6406e0,Henry Howard,"Daisy (Dog), Smokey (Cat)","St. Louis, MO","Cooking, hiking",henry.howard@example.com,https://images.unsplash.com/photo-1695927621677-ec96e048dce2?w=500&auto=format&fit=crop&q=60&ixlib=rb-4.0.3&ixid=M3wxMjA3fDB8MHxzZWFyY2h8MTU3fHxwcm9maWxlJTIwcGljdHVyZXxlbnwwfHwwfHx8MA%3D%3D
6720892de5894298f6221a66,Alex Karev,Izzy(Dog),"Seattle, WA","Hiking, Medicine",alex.karev@example.com,"data:image/webp;base64,UklGRvoIAABXRUJQVlA4IO4IAAAwNACdASoNAZsAPoE+mkmlI6KiJzSpOKAQCWVuul6fvsqU4gd1HrcYt4u7GZcw10/08b/ueaBTHfukMhGoHeQRhOAtPexuGoSjWF9nttpznK+Df+6pD/Qmad/5ZC1kvgK95tDjtDCRYxcu1bbC9mOIdBx8t2TYpWEfqZ/T+nzl14WTb386M0utGQqfbmVOdWqeryQt5bl8qVPt1LSt0ZDOQzZ1QqEzvRxfOymcXx2oEBu1+qjthJNtKcopzUUJqae6eJ5IOtvuXzwQp6GHLfhPPm6jYQQ2XwAfa7uprXBHH2kns10ndYOTY9f27R7xqFypX3LpRmoGHI0+jWRhg8QS6hKOI8VffPYpb6P/WA7CRcHqwvtLW+g/sqJRPEGqBZXW170dnG/DQyQ/TypLmieHevVVXSyR7kAvzpYyQQd4TDVMkWm9awQTroaJaz1KihsMcXZJ8w4JnuyP0ZNRHB5eSPVSHThm2K0tkMekiD2tbUSL+1Ptei6niEzgiF5pSAJAPaytOt098vxMYR/BtBsYoTI81hI7ThuSLNShDEWRTneA1+KeOU8D1AAA/vC54/5uL4b8tkiIKEZVRiZ4KBVZ2/X199MLOS4IB++OM5zVpfo13Bfm/RlOS/7dQ2fxN4iD3jLVZ8IB2sAwXp2lLBxcWaVE8Ho6fpiWCvnKmymd0Xpz2537H9Cvmn0knFFD/pLgY4mGInA1w4OHt2aXvil/zDqXXgoOhZtmjOrDy+H2h9KDBvd34AfXPcMZhQjJm5pFSlBP/tvCjfkRi0eQ2KHFrnb+AC1UKtorvmvA09+7Binn4LkNxkVi3kBiHLFxpSoBkSGgQNV2SDD0OFdVMVYL4s7/xx4NH+AdWyajn7nRs3A08R0XTik9GQ9Vg0BcacUyLcuBGFWbnjPW+Tcmhqa3Qxv/6tQ6vl6vrGjS22TaGTsb7uXeLoy2THLmUHVmp43pvOUYVkQwLG0z3Sml3Pg4XtaPdkoibYqIDQaa8fMOM4D+UzlnPDsYWlcDvBQgD1rOuSaU9l0B85szSWW5BnYXsnr1P3f2d5kHkhujkHzTlei1cVA2taAH06KcbMSbVBDymNroA6q/IE8WnsbdU3ZZKOSk0peBU/axRKvZPbcIdGVLTbVar0Qn7IvBxWdLLSVdY0F+dm2gMYMX/2Y4ltuGTlQUEa3HCpNG71vJpfJodzYrDZHf5JitWnnSDF7LihurqBzg9ZDMasU2hNXy8r9N8NndwAXRz20cPqM7LtuRhZLcqMw8mEnLeng/DwRSUemlFFGoRxw1hqhZUP6JXbh/onGNRfK0rDNZyRyuhly9uhsyoDvbHUhhhU1DNOhROWgSJAgYuyNQoUYqMRnrxmMIRVEHHa82akRDK/4VJVLOcv2cPWuBvF/sp7biOo9QDpFfvkJvmRV9uAnk4OWcDXvjIE90620nGfpIHwBxCSEf7JK5iJpb+S0PKvGXzyMOpj7+RPM2/uJa2gQuZ5X3nEojUc52MEr2Xwi5FMvvoSxg1r+2805U1Y1DfRGgfB85CefKW1h0Gv0zR5YFWloRcC+16mjpgxAghvqqvjHc/TCShPvXdr/92ZpiovTf0IXK6NPBZED+0XTqpl4+JUXtASqB/cm5MNNgbj5H72u8Pup2e41qa67Ic4NoTBh0FHnaYeExKEjiFDKpmU0EuAMgWTmk3hsZZVJRvQqhB3/WXSe+hxtp9IeLPkhSDFw5u04QtOj2SMpZeGTaTlZSWE+vd4bn1H13ozQLjcbQT63+yAmnjZS1Xz9HUi7uwEjIAk+wF+J+gSR1ZKwjw8KxhX7wWRR35oSA4013eqcIagrWtRmJk2o+7iBrl/zFemEUX+Z/v7d90e6XqY4RMWWAM45jFtahMTJ8X7LxrtvbzRq5IuVPxfsGat3c0BqGmE/24hsfs03a1Ee+9gE9Mf0CzMq+b2DNpLW0P9IqkO5L4Dnsmyawp60cDNknMh+hkTIAsVkcNVbtW5whB3g8A1cBbS0ruZIR3vpVdQtdfepN0OyUFQSweBvhd+esMVGHpSkPaNEeAbUO4BjVUBcml15gI0ND8qov/Q1xjkkQ/v/C4Olm4I2QTiFv4yaoPrZQkxHa3/+vLDNL3jRTtsgBx4krq6+NTWDj+U2PdEEEMJy+F2Z6ccwDxNFgARp5BHtRVG9G4wcgNRbdIT8f6J2LwrYC7jC7uuxAV3cL3TB1tcqmNSzaTFblkBVc9BTHtnhvfZr4kygTAbEbLU3TkzqkBC9rt4uDFYrHK8/spWPDs9TxhjlAV2d3L8sXaqevS4lPhpYpOionB+UZNG8mKHyjyG8lG7lpStUOoUaZocDRpqFahYMyTznTQbUSsCTIdyVMClyB+wYWvTHEsxYdkGL34KXk936Jf+z4Dr6QV1XQAQiR1fBvqg/tv8ARMCDUJx4Q1zwvMrYjGnRNqhRH6Z/1icUCRwb6TzLhmxH78mu2ab3vhC8285ToYzTvyS4IPCLL2K6nKmfAI8GQuZ2j3Dj+rJTZ9fJPwrRampo0+1yM2kLeqWTq4rCDwP6y7jSNY0ywZofpM+QPa1RRvxAsrSpdKGY4OR9RCLJgLyd5vqsO05pcwVoWqPM59c3mVFPEV5U/n9e1/o1XFMvWIK6anDB62dvnpC/GYeB4mEQW/sRqnOFlu2+3KgW6PY5idDf5DfqCfqX2WtNO98/K9+i8Z04tzLvZdHXwz1Ye/VBJD3uX27PseAA0c40K4WJbWe0NQ/gSSzmuOkcxCZUCRPtxbBVw7F1WegIJRYJvWBcOJjzR8++nR5zWUUECmNwRTkPV4EZGwiUv58KGUeGWuiSdJ4E81lR9rLUfOcPzeQBd+9V3zdQV7xLwCU0ZLf0bte/9aLuepqo+ODSlgx7n/AIV18qkR8eHkAafEpxS8Ezk1WqlWS+eSk1Vfp0iz5T8FHbjtyZdNxEBZynHEprnAk1C/wWCrkOr4rNw7TWBNSFkD8rwJWgG1KPuSG0+BRkPCheO6/Tbiw/RtK26GPqNfp4LgzvXn+qhw0RVCXZ33PIdO/49I3pJZXAAAAA="
