email,password
ymcasgill0@pcworld.com,$2a$04$qIChKeNwJY6zYr/3g4DbIul0154XQVWdONF.IrHyEqHu6I6NEZ/22
gwoodruff1@google.nl,$2a$04$8QpAYnJyeaTH45TaYdL0quydyiD6VqXHVEpWINPcCU36czmNyq96O
hchapiro2@umich.edu,$2a$04$SMz5o1e3kIHe0WFId8CjOuryLaRttjb8Z5EMZ40mmjJUGrl5Jctcm
kkarys3@php.net,$2a$04$doYixvJ8mOszlFapVzHVDOSgmMqieLa1eWfQL6/gIc.1Cg8nxubMy
bgianilli4@wix.com,$2a$04$SLiJxU6b.Yec/f8AdPZWgeAH9ML7LyoGWjS3S.XE7PtRMGRFA505O
chepher5@cafepress.com,$2a$04$inaLizl47c.MLk6ulkdqFu.S0U/iYedvq/tM4VN/iCX4eaoqUfEsm
pmartinat6@salon.com,$2a$04$07dvtk2MU36k0Dw3Xpew2O7/9352r1t/rzmYE/yFGiZAhkHuZqIuS
gboles7@smugmug.com,$2a$04$X3Hs5/VK1SWYEfeqrT1xF.XVxTfywbz2YJ.Gyfk8FGLzqTIhLvTcO
atartt8@diigo.com,$2a$04$5VMyiz3IWKHhGZutTEEMAu5uJrsuXZoez6VqupCHvoLwh6V9KdbTW
nphilipeau9@lycos.com,$2a$04$h2RCGn.RlP7zTLPZ.u3oPOknHjrgM.oUTFhpRXz.DliAYrPx8lNj6
hellotes1@gmail.com,$2a$10$q8kbjqINwM3LtK5i6WdeWe2RAGWWeCQNuB00E8.14QVY6gNkZvL32
sfjeoi@sguia,$2a$10$ArQGQTdSGHJsOsxVxk/RReHjxGhOz8K2PnX609HT7PkgGr/cyz8QC
ijdoapd@yus,$2a$10$9/LQP6Y6ShWPJcBmn/GT2.j3ptWUi3ZGdPHJ5lEEl/qmUxaZAgNtK
helloworld@gmail.com,$2a$10$SNfj7x8GkQLDaynt78LU/udBbWtM3m4KiYfS3NAJGXW.rSmcbFqRi
raunakbagaria.rb@gmail.com,$2a$10$8I47YKK5LHECx26Uh1PEC.2zGm01cDqQaj/wxWFqFY1yR7UpF/KJS
